event_id,profile_id,metric_id,metric_name,timestamp,value,event_properties,uuid
evt144922795203,klv_cust4635552887,met65297386,Clicked Email,2024-06-03 10:53:11,40.6,{},uuid3780368464999057
evt573563343002,klv_cust7750819485,met68118451,Clicked Email,2024-12-14 20:22:19,42.52,{},uuid9277835255035062
evt873492847410,klv_cust7525240100,met56009526,Opened Email,2024-05-07 04:56:51,47.33,{},uuid8739124996182524
evt525323047781,klv_cust2247484671,met31468923,Viewed Product,2024-04-03 22:06:30,40.25,{},uuid4406793027238351
evt561499618349,klv_cust8675071314,met52892268,Placed Order,2024-09-23 13:07:14,47.4,{},uuid4790569331053409
evt138933860514,klv_cust2773408660,met99490927,Opened Email,2024-10-16 22:48:00,50.44,{},uuid9875483604654669
evt203376845692,klv_cust3208200227,met59837083,Opened Email,2024-09-14 06:09:01,81.25,{},uuid5238720565704106
evt616325642335,klv_cust4487053308,met89794932,Opened Email,2025-01-27 13:12:12,84.26,{},uuid7558782949240387
evt732802809592,klv_cust4693510920,met82207828,Placed Order,2025-03-27 13:19:15,0.11,{},uuid8416288522490957
evt884707880579,klv_cust1282103057,met77582208,Placed Order,2024-08-22 17:08:16,66.32,{},uuid6038428606457612
evt793604245865,klv_cust3426665919,met33176479,Clicked Email,2024-08-21 20:40:54,72.14,{},uuid9526849874366830
evt949806461029,klv_cust4026816435,met43944323,Viewed Product,2024-12-13 08:20:41,63.07,{},uuid8134850377271021
evt823097106429,klv_cust8995045543,met27046236,Opened Email,2024-09-12 18:59:01,68.96,{},uuid5501735354564090
evt909726642291,klv_cust3815389788,met93410717,Clicked Email,2025-03-15 17:59:09,8.28,{},uuid5374127980890170
evt138929523055,klv_cust1811839103,met31041348,Viewed Product,2024-03-27 20:39:58,93.76,{},uuid2354132145997697
evt447286089850,klv_cust3384006407,met10792481,Viewed Product,2024-02-19 05:08:03,28.12,{},uuid3095018493644018
evt904821432120,klv_cust3560712271,met89503257,Placed Order,2025-03-01 02:31:24,103.06,{},uuid7784083764878211
evt458747279966,klv_cust2073755632,met14528757,Opened Email,2025-03-22 17:26:01,15.72,{},uuid7042764357637870
evt619613978747,klv_cust3058982440,met34527467,Clicked Email,2024-12-20 09:17:04,41.94,{},uuid1022999789892106
evt923174851827,klv_cust8417757797,met98830787,Placed Order,2024-12-10 21:28:22,88.47,{},uuid6221570002548475
evt657811527374,klv_cust6294297230,met25699007,Clicked Email,2024-08-02 01:48:02,83.39,{},uuid7451105234746023
evt774335496785,klv_cust3780475472,met77890225,Viewed Product,2024-04-06 21:50:20,108.32,{},uuid3048387271408955
evt365000462038,klv_cust3429019820,met76499879,Opened Email,2024-10-23 01:25:41,86.26,{},uuid1049633096971573
evt286484975185,klv_cust3776011793,met19693630,Placed Order,2024-11-26 09:29:47,69.33,{},uuid3516369835643362
evt942473127717,klv_cust6719736115,met46043418,Placed Order,2024-08-02 06:42:18,12.52,{},uuid6254487676503234
evt243278236359,klv_cust3045102506,met69615705,Placed Order,2024-05-27 20:37:29,119.73,{},uuid6217703694140124
evt642004007572,klv_cust8867077130,met51094548,Placed Order,2025-01-24 21:26:32,32.26,{},uuid4031684363512960
evt231832627098,klv_cust1417436465,met33590336,Placed Order,2024-07-19 11:55:33,94.83,{},uuid6958678829353384
evt990906772991,klv_cust6937704752,met39128186,Viewed Product,2025-01-26 18:04:38,9.54,{},uuid9229904591443681
evt496412249214,klv_cust5416031878,met51761387,Opened Email,2024-12-06 14:12:38,103.35,{},uuid9057327387316214
evt260800617659,klv_cust9776185998,met99729659,Placed Order,2024-07-10 02:59:55,106.67,{},uuid1149800895570495
evt930674583400,klv_cust4203205881,met47902515,Opened Email,2025-01-27 22:19:15,118.7,{},uuid2727517249346217
evt811145134111,klv_cust1809283659,met74463934,Opened Email,2024-03-20 08:20:06,117.89,{},uuid2799324467453324
evt580885945817,klv_cust7050091525,met71325019,Opened Email,2025-03-25 16:33:01,15.32,{},uuid4586271587759660
evt614706709718,klv_cust6392415228,met97343831,Placed Order,2024-08-29 12:51:20,119.04,{},uuid1939115628701585
evt748376208584,klv_cust3412273600,met33806711,Viewed Product,2025-03-05 06:14:48,68.89,{},uuid2153787793689806
evt951010478948,klv_cust7872090713,met61344776,Clicked Email,2024-08-08 04:35:46,76.27,{},uuid6703706018416047
evt187752804049,klv_cust5150090143,met94954473,Placed Order,2024-07-07 08:00:00,90.77,{},uuid2931679289740585
evt826392084615,klv_cust4566852761,met87035913,Viewed Product,2024-10-12 23:27:23,12.82,{},uuid3176907273125383
evt466633278982,klv_cust8973989997,met49396412,Opened Email,2024-03-13 07:58:17,101.02,{},uuid5221325552051683
evt787478154682,klv_cust9467483275,met64219416,Placed Order,2024-03-22 03:48:57,21.26,{},uuid2278011485448467
evt445005904447,klv_cust3639796200,met33149605,Opened Email,2024-10-04 17:06:24,82.51,{},uuid3080789270270438
evt327397799769,klv_cust2303835765,met50975472,Clicked Email,2024-08-09 12:49:20,73.1,{},uuid5829223975965607
evt377008896534,klv_cust7103588071,met44526060,Placed Order,2024-10-03 03:17:17,82.12,{},uuid1703801266902651
evt363642456345,klv_cust4202607993,met12855739,Opened Email,2024-04-06 14:58:57,9.46,{},uuid7510760373856722
evt191415248405,klv_cust3521166052,met63663675,Viewed Product,2024-02-04 18:22:50,103.51,{},uuid7598843008765712
evt637493477380,klv_cust5808858383,met37385120,Placed Order,2024-05-29 09:15:43,28.38,{},uuid8898830277019081
evt511537250464,klv_cust3693985578,met50127430,Viewed Product,2024-09-23 07:36:59,113.93,{},uuid8719605916490778
evt897149147661,klv_cust3223115272,met90956092,Opened Email,2024-06-05 11:57:30,101.14,{},uuid6147796751986643
evt146369232636,klv_cust5704029171,met62216654,Placed Order,2024-12-03 05:59:27,37.89,{},uuid5693209564115007
evt369325881149,klv_cust3878201524,met19374643,Clicked Email,2024-07-26 22:57:13,89.76,{},uuid4881050926229152
evt998436526658,klv_cust8443061472,met44454847,Placed Order,2024-08-19 06:12:15,99.23,{},uuid7141733089393950
evt205167050726,klv_cust3520417815,met41364303,Opened Email,2024-01-11 08:59:43,116.51,{},uuid1022417350560630
evt639598352227,klv_cust3094407076,met43357038,Clicked Email,2025-01-08 07:45:49,83.56,{},uuid9719905554050123
evt204088653895,klv_cust6921525436,met61850706,Viewed Product,2024-10-21 09:15:10,9.56,{},uuid2751870948231474
evt221898119768,klv_cust8880079328,met96916941,Placed Order,2024-06-24 01:45:54,29.0,{},uuid6358530116047207
evt974539394598,klv_cust4710967433,met96281761,Placed Order,2024-05-30 00:58:21,97.3,{},uuid6907545090849086
evt741149709063,klv_cust5449848690,met19982259,Placed Order,2024-01-21 21:46:29,55.2,{},uuid3973235409306545
evt366931186374,klv_cust8497938394,met41143151,Viewed Product,2024-07-02 06:03:07,33.77,{},uuid7165373790418950
evt578904196179,klv_cust5336127859,met42895538,Placed Order,2024-03-03 15:00:35,119.54,{},uuid9802051980544678
evt780904548937,klv_cust5329194647,met93723311,Opened Email,2024-02-29 06:33:36,28.78,{},uuid2874682716547551
evt282500270064,klv_cust3156792018,met41846936,Clicked Email,2025-02-21 04:44:34,60.27,{},uuid1850997963879024
evt785117731975,klv_cust5759761714,met58704497,Placed Order,2024-12-28 15:52:09,109.91,{},uuid1526637140984223
evt468678661130,klv_cust4656572173,met14633998,Viewed Product,2024-06-18 01:50:19,53.56,{},uuid9814398428659268
evt387604098823,klv_cust4750707607,met23350998,Opened Email,2025-03-19 22:07:05,2.89,{},uuid7434870226986441
evt416751218580,klv_cust6955593943,met62330386,Placed Order,2024-09-21 02:05:40,19.1,{},uuid1787345482837330
evt248162298764,klv_cust4403845222,met66687193,Opened Email,2024-12-19 23:41:32,43.94,{},uuid3110051523930770
evt989522529151,klv_cust9786748825,met49300812,Placed Order,2024-03-07 09:02:57,8.24,{},uuid4105166982114188
evt674680500716,klv_cust4820942294,met51403065,Placed Order,2024-03-23 09:48:46,102.32,{},uuid7273594326757266
evt617811708324,klv_cust6557907251,met18573397,Viewed Product,2024-02-12 19:50:50,59.1,{},uuid9325449356809724
evt821865862390,klv_cust9954587710,met50521002,Opened Email,2025-03-22 01:36:08,85.42,{},uuid6021028136536394
evt823390439194,klv_cust2320763135,met57515577,Clicked Email,2024-07-17 18:23:08,46.74,{},uuid1240638516280327
evt135620973487,klv_cust8612747444,met23819935,Clicked Email,2024-05-17 00:23:21,41.72,{},uuid5580459603427662
evt292935197480,klv_cust1248704157,met79132195,Opened Email,2025-01-20 01:54:02,99.85,{},uuid7243852899574396
evt491810750677,klv_cust1092292243,met70951789,Viewed Product,2024-08-20 02:55:34,1.13,{},uuid9938640224730300
evt922106235562,klv_cust3605446007,met50558000,Opened Email,2024-03-07 04:52:02,16.36,{},uuid5582439627692095
evt141146390687,klv_cust9730449971,met29320535,Clicked Email,2025-01-14 15:54:05,20.46,{},uuid3092307745557997
evt950736522650,klv_cust6709234482,met69165038,Clicked Email,2024-05-10 22:19:10,38.67,{},uuid8445673292988267
evt902828503756,klv_cust6923893872,met88095820,Placed Order,2025-03-23 14:30:42,63.38,{},uuid5538518019379570
evt371604361156,klv_cust2343100352,met58358372,Placed Order,2025-02-06 11:20:49,110.2,{},uuid3778233049246514
evt326173100594,klv_cust7098134112,met24461471,Placed Order,2024-04-02 03:30:55,16.59,{},uuid5981916474546428
evt380658800809,klv_cust3866755218,met32165219,Opened Email,2024-03-25 06:00:41,13.89,{},uuid2102128104495497
evt205502071882,klv_cust1104906255,met80041189,Clicked Email,2024-08-08 17:04:23,46.74,{},uuid6248167376332850
evt318544588749,klv_cust9333490239,met81746444,Clicked Email,2025-02-26 21:01:26,51.79,{},uuid6507384928072055
evt911757295432,klv_cust4500557310,met91212743,Viewed Product,2024-11-17 14:39:20,117.7,{},uuid5721831216093455
evt955487316129,klv_cust3780439666,met37221648,Clicked Email,2024-04-23 22:51:29,38.97,{},uuid4386929014789404
evt419778208393,klv_cust6311894154,met74097803,Clicked Email,2024-11-24 12:58:00,84.07,{},uuid4245516021835068
evt824695486274,klv_cust8477300991,met89186321,Clicked Email,2024-09-02 21:00:29,33.54,{},uuid1114739386686207
evt624568377114,klv_cust2979958124,met32798950,Clicked Email,2024-02-22 16:11:58,37.03,{},uuid7344227982577404
evt559141057687,klv_cust6306523372,met48810223,Opened Email,2024-03-11 23:56:41,103.92,{},uuid3157332935909979
evt954664282871,klv_cust9098129449,met53280288,Viewed Product,2024-11-13 18:15:30,3.9,{},uuid6535980412962323
evt682403961929,klv_cust7467073633,met27304394,Viewed Product,2025-01-24 01:01:30,100.27,{},uuid5980551910094699
evt841246245843,klv_cust2825957977,met52382961,Viewed Product,2024-09-15 01:00:24,79.64,{},uuid3987681351793119
evt435952220656,klv_cust6168291913,met99299778,Opened Email,2024-03-06 11:03:44,116.9,{},uuid6556889141910541
evt396223267248,klv_cust6496933442,met93975327,Placed Order,2025-02-01 11:18:04,25.89,{},uuid9913155127129217
evt689628828476,klv_cust1785418196,met24229644,Clicked Email,2024-08-16 11:37:33,26.49,{},uuid1380521132254915
evt590204344585,klv_cust1647181551,met87330951,Viewed Product,2025-03-13 08:45:57,5.53,{},uuid1249878369273788
evt844055306751,klv_cust2445662585,met73474983,Viewed Product,2024-07-22 23:30:45,38.28,{},uuid7429335317876520
evt365420335144,klv_cust6837975356,met82318016,Clicked Email,2024-06-16 02:48:50,100.29,{},uuid4287851523727144
evt917578618582,klv_cust6991473746,met68402353,Clicked Email,2025-02-26 23:03:41,106.86,{},uuid7641624153270717
evt528574631007,klv_cust3874432021,met90850455,Opened Email,2025-03-27 04:05:28,117.15,{},uuid5322930860316975
evt533268993913,klv_cust3420721027,met20841916,Opened Email,2024-10-02 01:54:50,2.17,{},uuid8124729056040004
evt882618419543,klv_cust6761084958,met12998598,Clicked Email,2025-02-19 06:56:23,47.11,{},uuid9849048047191687
evt628397609514,klv_cust8351491401,met23967629,Placed Order,2024-04-25 22:53:15,116.47,{},uuid6224290138299245
evt138243461214,klv_cust7823288650,met61001374,Opened Email,2024-11-24 05:06:20,6.88,{},uuid7236079714198599
evt393504368907,klv_cust7483366056,met45290159,Placed Order,2024-03-23 05:54:58,28.54,{},uuid9896391707671824
evt123357089733,klv_cust8761956684,met13651803,Clicked Email,2025-03-04 08:11:29,73.97,{},uuid3631043600202379
evt914470674254,klv_cust6448324230,met15725634,Placed Order,2024-10-06 13:29:45,0.41,{},uuid2684638254220890
evt721210406054,klv_cust8997701619,met53138428,Opened Email,2024-10-21 16:25:13,116.1,{},uuid7350167068370357
evt280124549832,klv_cust7982725037,met38235526,Placed Order,2024-05-10 22:40:45,34.58,{},uuid7338546441713308
evt810992293067,klv_cust9327720702,met17325229,Opened Email,2024-08-29 02:24:44,97.04,{},uuid5709477065314341
evt230914565790,klv_cust2079770569,met50459197,Clicked Email,2025-03-05 04:17:02,7.16,{},uuid4826120237954357
evt138669518799,klv_cust1952996130,met35380442,Opened Email,2024-05-24 11:47:35,70.56,{},uuid9744305767625391
evt356828564207,klv_cust4487053308,met65622445,Clicked Email,2024-01-22 14:39:57,104.57,{},uuid8710814851719333
evt599286363307,klv_cust8377088167,met57904120,Placed Order,2024-06-12 18:51:12,72.63,{},uuid7872737964322454
evt376470266890,klv_cust2369705770,met11788225,Clicked Email,2024-02-06 08:34:03,75.92,{},uuid6306787415583774
evt142092745385,klv_cust6336171726,met36141265,Viewed Product,2024-01-31 01:46:17,112.36,{},uuid7189216734217039
evt459785336629,klv_cust8902114913,met84205167,Viewed Product,2024-07-25 20:40:31,91.28,{},uuid4341710824899855
evt601984505490,klv_cust1664494972,met75722634,Clicked Email,2025-02-22 07:45:58,103.52,{},uuid9059642694901474
evt762926302738,klv_cust5481721096,met77752885,Viewed Product,2024-04-18 22:07:15,25.69,{},uuid8320664838650185
evt417890338520,klv_cust5879617459,met13245070,Opened Email,2024-04-21 09:42:57,46.35,{},uuid3714109645688047
evt727767669208,klv_cust1662259333,met18248802,Viewed Product,2024-09-13 09:03:35,100.04,{},uuid7560855132505432
evt882411924844,klv_cust4308701294,met41647511,Opened Email,2025-02-17 22:14:43,89.3,{},uuid7200323846453773
evt554873372599,klv_cust2687477596,met23374924,Clicked Email,2024-09-29 01:36:40,78.77,{},uuid2654550691031199
evt366068173602,klv_cust7146318035,met80759679,Viewed Product,2025-03-04 01:17:23,64.7,{},uuid5412561362331166
evt635416413381,klv_cust7174772035,met25336604,Viewed Product,2025-02-24 14:09:11,82.26,{},uuid7849232110338212
evt925692583440,klv_cust1674332429,met63167936,Clicked Email,2024-08-09 05:02:35,64.1,{},uuid5076194080662820
evt736786293180,klv_cust5151887478,met44534995,Viewed Product,2024-05-27 18:09:39,82.09,{},uuid7974294697974523
evt560948296548,klv_cust2303835765,met45192803,Viewed Product,2025-02-06 19:09:21,56.41,{},uuid2077083506083971
evt975420062647,klv_cust5212581851,met16874947,Clicked Email,2024-03-19 14:54:39,42.18,{},uuid6035280764913890
evt690723306735,klv_cust5271453859,met14702877,Clicked Email,2024-09-04 16:12:17,5.03,{},uuid9744391076575659
evt284093959175,klv_cust2327372855,met24892165,Clicked Email,2024-05-11 12:30:13,117.33,{},uuid3927711748205533
evt187191751283,klv_cust2320763135,met11286880,Viewed Product,2024-05-27 04:02:22,49.5,{},uuid7401276184160776
evt866725199946,klv_cust7608153267,met22680056,Placed Order,2024-07-30 17:33:50,83.94,{},uuid3364253992300512
evt966885786385,klv_cust8015124886,met16174912,Opened Email,2024-01-02 04:01:59,109.08,{},uuid8732111125329549
evt452431925270,klv_cust2418407139,met73341919,Viewed Product,2024-04-26 02:34:00,99.87,{},uuid7890905536906224
evt957074400387,klv_cust7019900273,met63688851,Placed Order,2024-09-04 22:31:47,5.87,{},uuid3197614081013054
evt627103721446,klv_cust6955593943,met31600568,Viewed Product,2024-03-06 11:21:54,67.3,{},uuid3024397224682816
evt764063616193,klv_cust9451577335,met62770772,Opened Email,2024-02-26 21:22:29,85.67,{},uuid4911673809938060
evt222138749746,klv_cust6065662867,met13596616,Opened Email,2024-04-04 02:32:04,116.42,{},uuid9605436427032425
evt100656472617,klv_cust3515167269,met18824749,Placed Order,2024-04-29 12:19:00,105.62,{},uuid9312313241360638
evt422818081520,klv_cust5933179746,met72429765,Opened Email,2025-01-19 08:09:27,98.52,{},uuid6277531920557129
evt831438452882,klv_cust1997216402,met17854382,Clicked Email,2024-05-06 15:59:05,94.94,{},uuid9051774587060529
evt524854789717,klv_cust6884333221,met67215063,Viewed Product,2024-04-16 17:25:32,58.27,{},uuid7656542176472609
evt178758159128,klv_cust2148679234,met59767344,Opened Email,2024-12-03 19:57:53,49.26,{},uuid1971107285126239
evt449750934879,klv_cust3960136787,met96830265,Clicked Email,2024-08-21 12:59:33,119.57,{},uuid2643841846316389
evt238461284247,klv_cust5686850445,met65372840,Viewed Product,2024-05-14 00:07:28,83.83,{},uuid6509593879974033
evt155669149239,klv_cust7299420031,met88631581,Opened Email,2025-02-23 12:51:00,10.07,{},uuid9754198343647916
evt181787275964,klv_cust5570190774,met83778461,Opened Email,2024-12-09 00:15:53,58.39,{},uuid9618277863298402
evt726150521145,klv_cust7648059419,met88763502,Opened Email,2025-03-28 09:16:27,21.4,{},uuid6918240266631450
evt390248330045,klv_cust4659306670,met45622480,Placed Order,2024-02-15 05:14:53,71.1,{},uuid8508550887135474
evt293427114517,klv_cust4632522232,met22877324,Viewed Product,2024-01-09 02:06:13,51.93,{},uuid8202578813488742
evt543711356686,klv_cust9463392724,met87536328,Opened Email,2024-07-08 04:56:35,29.02,{},uuid5985705507271880
evt110858959013,klv_cust1197092148,met65927921,Placed Order,2024-05-19 21:24:56,116.7,{},uuid9491762151585882
evt366665853838,klv_cust4993808565,met83551573,Viewed Product,2024-06-23 23:20:17,25.46,{},uuid5253836473263886
evt903704744884,klv_cust9259157845,met19025916,Opened Email,2024-12-20 07:42:45,96.84,{},uuid5328060458228700
evt762969855465,klv_cust5310195918,met32714048,Viewed Product,2024-12-25 21:18:24,53.07,{},uuid6005995453955065
evt481128900888,klv_cust4939447721,met51120409,Opened Email,2024-01-19 16:07:16,69.87,{},uuid9812367101347469
evt141586215254,klv_cust1205082311,met56841580,Clicked Email,2024-02-21 07:43:06,50.98,{},uuid6435970690731451
evt282088079415,klv_cust2409274786,met65743993,Clicked Email,2024-07-21 19:04:01,105.52,{},uuid4844126627070692
evt281343567698,klv_cust8758809005,met67605280,Clicked Email,2024-06-24 09:20:06,10.12,{},uuid4432893375109196
evt106427936010,klv_cust5751366455,met38467703,Viewed Product,2025-03-12 20:12:18,80.3,{},uuid2805760859205093
evt204010494805,klv_cust2155671697,met53174873,Viewed Product,2025-03-11 10:33:50,91.66,{},uuid8751616400400186
evt453116685567,klv_cust3791815554,met71710389,Placed Order,2024-05-26 14:03:29,62.74,{},uuid3739097662472069
evt174224480616,klv_cust1230624431,met43808090,Clicked Email,2025-03-05 00:33:38,73.65,{},uuid3530335149292338
evt423985531403,klv_cust6102144947,met25145930,Opened Email,2024-02-22 20:24:37,2.95,{},uuid3378369110388398
evt441244929563,klv_cust6386271785,met36019228,Viewed Product,2024-06-06 05:24:18,94.55,{},uuid6838739737398312
evt839879048942,klv_cust4490722186,met79861368,Clicked Email,2025-03-08 18:11:49,75.58,{},uuid4123688763506727
evt673168060949,klv_cust1261903104,met48795114,Opened Email,2024-08-26 06:50:33,96.97,{},uuid1890782375580646
evt549984303446,klv_cust9503597301,met20289192,Placed Order,2024-07-24 22:09:50,6.59,{},uuid2538954271187338
evt979847590042,klv_cust1659663750,met21034835,Clicked Email,2024-07-07 08:36:45,119.67,{},uuid8725183880162660
evt691945678979,klv_cust6447717367,met34606643,Opened Email,2024-04-09 03:50:13,119.07,{},uuid9206150876688755
evt670363368896,klv_cust1600566083,met88488809,Viewed Product,2024-07-14 16:07:36,81.87,{},uuid3697794573939820
evt346368604636,klv_cust8953726023,met53821448,Placed Order,2024-03-18 07:02:15,58.3,{},uuid6717846363104026
evt985794472407,klv_cust3019265031,met85440947,Opened Email,2025-03-29 16:04:16,22.83,{},uuid2276951392208490
evt607553912128,klv_cust4277422858,met21150179,Placed Order,2025-01-15 16:32:04,67.42,{},uuid8355342504664877
evt631450011520,klv_cust9954587710,met86256412,Clicked Email,2024-01-07 04:56:35,73.56,{},uuid2329056077270517
evt575932739671,klv_cust5911625145,met10989257,Viewed Product,2024-10-08 01:45:55,88.3,{},uuid9067878726821536
evt314403281119,klv_cust5638860656,met46807726,Viewed Product,2024-08-08 05:59:04,48.21,{},uuid4532087465981769
evt927499669126,klv_cust8605964047,met34609767,Viewed Product,2024-02-01 03:44:03,101.41,{},uuid7063116074504713
evt224428575989,klv_cust5647317872,met12367323,Viewed Product,2024-07-30 13:49:57,23.46,{},uuid4587889749468161
evt713149478587,klv_cust6142469284,met53656033,Viewed Product,2024-01-09 13:05:59,26.55,{},uuid3689854745273358
evt148865906894,klv_cust4655730355,met66434091,Clicked Email,2024-08-20 12:53:01,98.91,{},uuid1235899399190413
evt165979709391,klv_cust2317723211,met75105115,Placed Order,2024-01-31 20:48:40,83.73,{},uuid1980880541434619
evt129027269817,klv_cust2495970877,met66671830,Clicked Email,2025-01-27 02:40:51,53.51,{},uuid3098044047473019
evt819157649198,klv_cust6588252632,met58953082,Viewed Product,2024-07-29 00:08:59,80.28,{},uuid9390440927161684
evt592966356344,klv_cust6009268066,met40976192,Opened Email,2024-08-21 14:53:00,101.36,{},uuid1482980948718096
evt270181852487,klv_cust1664885408,met16975298,Opened Email,2024-06-29 15:39:39,18.78,{},uuid9587720799644517
evt989797693160,klv_cust2495970877,met82822318,Opened Email,2024-11-29 15:56:20,101.47,{},uuid7721108962340495
evt212072128045,klv_cust9908115095,met98460803,Clicked Email,2025-03-05 13:53:28,45.1,{},uuid6904077860413947
evt714846697040,klv_cust5952894290,met59358493,Placed Order,2024-01-10 19:05:11,98.98,{},uuid2757143712237750
evt197665784677,klv_cust9369574998,met67344325,Clicked Email,2024-04-13 03:40:10,17.3,{},uuid7194105960290985
evt950286048013,klv_cust7249213370,met45579270,Clicked Email,2024-10-08 03:36:09,55.82,{},uuid1971130985849615
evt833272300094,klv_cust2296400037,met24512415,Placed Order,2024-05-29 00:11:09,54.26,{},uuid8509698423733542
evt264247997830,klv_cust3693985578,met43346953,Opened Email,2024-07-23 04:08:23,66.44,{},uuid2286167640024274
evt531270618597,klv_cust1993998848,met15700069,Opened Email,2025-03-19 18:41:18,7.58,{},uuid8318607990157399
evt977643338395,klv_cust9908115095,met81095269,Opened Email,2025-01-05 16:17:21,64.45,{},uuid2538154994661279
evt777734370123,klv_cust1384806111,met83743634,Clicked Email,2024-01-01 14:36:45,95.84,{},uuid5378543930337684
evt885187948580,klv_cust4014119648,met52467050,Viewed Product,2025-03-12 12:11:47,74.58,{},uuid9646552075557329
evt676087628491,klv_cust1415802902,met94879453,Clicked Email,2025-02-10 19:40:32,5.1,{},uuid7765159391825363
evt229829446463,klv_cust7418301077,met34125393,Clicked Email,2024-12-21 02:30:11,63.33,{},uuid5470711165663115
evt472803429290,klv_cust8663837890,met25208123,Viewed Product,2025-03-06 05:57:36,11.38,{},uuid1320793770810123
evt363134597469,klv_cust3923823693,met81638483,Opened Email,2025-01-31 06:29:55,41.9,{},uuid4409076976851750
evt104996706886,klv_cust5972277002,met58172651,Opened Email,2025-03-16 06:57:06,40.74,{},uuid6392426234296408
evt361243745623,klv_cust7958672456,met73465205,Viewed Product,2024-08-11 18:50:38,40.35,{},uuid9122199760463656
evt977794792414,klv_cust9954587710,met67101447,Opened Email,2024-06-17 19:27:53,79.46,{},uuid7384866528813962
evt277531954664,klv_cust7857580528,met93709057,Opened Email,2024-02-08 23:11:19,30.96,{},uuid1686923724188155
evt222633720633,klv_cust2075413763,met77080133,Placed Order,2024-01-06 10:12:07,80.93,{},uuid7483088995892221
evt869156392711,klv_cust7664258343,met59327011,Viewed Product,2024-10-31 01:30:10,59.44,{},uuid2461528072844370
evt765773307494,klv_cust3237361243,met31081070,Clicked Email,2025-01-28 11:08:34,25.42,{},uuid6547698815462944
evt241362892484,klv_cust4122782825,met31750889,Viewed Product,2024-10-16 21:23:17,13.8,{},uuid9086503302997652
evt131782258508,klv_cust3171050399,met91245017,Opened Email,2024-01-24 03:45:35,93.35,{},uuid7976754130616510
evt900915869888,klv_cust7174772035,met59540601,Viewed Product,2024-05-13 19:19:49,73.35,{},uuid3293887275344347
evt656370614700,klv_cust6651754819,met33874801,Clicked Email,2024-11-15 01:54:42,23.79,{},uuid9270361576446170
evt513665094818,klv_cust9086117171,met66209967,Viewed Product,2024-05-28 01:34:46,112.37,{},uuid9830306567195689
evt997185355978,klv_cust1067198189,met43289954,Viewed Product,2024-05-13 16:30:59,101.37,{},uuid1824294493902605
evt953289755203,klv_cust5412437658,met58000985,Viewed Product,2024-03-05 01:50:04,116.66,{},uuid9818512220394547
evt962581432579,klv_cust1104906255,met88238496,Placed Order,2024-06-13 10:36:28,10.31,{},uuid7965131715767595
evt579304833708,klv_cust3698343112,met58919121,Clicked Email,2024-07-12 15:25:32,14.05,{},uuid2855157207390919
evt211648248090,klv_cust4203205881,met83931674,Opened Email,2024-12-09 00:39:49,30.7,{},uuid8436992049906820
evt463290932620,klv_cust7710396573,met65928274,Opened Email,2025-01-06 12:03:00,15.13,{},uuid3574819377739745
evt825409328421,klv_cust9245348297,met72176939,Viewed Product,2024-03-25 01:10:14,34.13,{},uuid6276631848012324
evt105836709226,klv_cust1654477195,met55914294,Placed Order,2024-07-26 04:46:51,53.21,{},uuid8584618360391038
evt899865139076,klv_cust2601198885,met98359195,Clicked Email,2025-01-10 05:30:58,42.56,{},uuid5055599860761752
evt991037790946,klv_cust6859286614,met31457978,Opened Email,2024-01-04 16:05:05,113.33,{},uuid6411439110224108
evt675393472856,klv_cust3978287288,met42321152,Clicked Email,2024-06-01 08:24:12,66.34,{},uuid3740677887760562
evt176496710450,klv_cust2181241943,met95837333,Placed Order,2024-11-03 23:37:24,116.97,{},uuid4715696719336164
evt774810699218,klv_cust6458544482,met95317245,Viewed Product,2025-01-01 08:36:31,114.4,{},uuid9379636641872066
evt864010133283,klv_cust9639245200,met93804630,Opened Email,2024-09-01 18:32:56,13.55,{},uuid5308484229712768
evt535387996893,klv_cust6156843353,met58881965,Viewed Product,2024-02-29 00:15:08,48.53,{},uuid4279859620216328
evt469277129816,klv_cust4096932037,met80169657,Placed Order,2024-02-03 19:56:38,98.97,{},uuid3154707184945461
evt121494293811,klv_cust4507822591,met50590705,Viewed Product,2024-11-21 05:25:18,32.04,{},uuid6949744524467794
evt139984054114,klv_cust5667503195,met14235564,Opened Email,2024-05-03 23:15:43,49.65,{},uuid8907059834011023
evt396750065013,klv_cust7226553010,met51767736,Placed Order,2024-01-24 06:32:03,58.98,{},uuid8719649164825182
evt645696127088,klv_cust9844874547,met87836275,Viewed Product,2024-06-26 01:20:49,64.71,{},uuid4792248029946543
evt237158417897,klv_cust2546720356,met48569649,Placed Order,2024-08-26 06:25:58,25.0,{},uuid6659010281713966
evt525194527755,klv_cust7637761996,met30351646,Placed Order,2024-11-11 12:40:48,108.46,{},uuid3397441923553822
evt712720853130,klv_cust2458198451,met16551668,Placed Order,2024-11-26 15:05:36,62.97,{},uuid4585790764028265
evt438689426967,klv_cust6284297249,met62602532,Viewed Product,2024-02-25 07:57:21,57.89,{},uuid2919078363885798
evt310146040138,klv_cust3208200227,met89697105,Viewed Product,2024-03-11 13:37:23,39.34,{},uuid9260678662027263
evt625183634044,klv_cust1257324536,met63464432,Opened Email,2024-11-17 17:02:26,93.54,{},uuid7658894310930525
evt204130266108,klv_cust5600836559,met86819462,Opened Email,2024-11-02 17:04:56,91.71,{},uuid1576043919771790
evt790286816673,klv_cust6000009225,met55920345,Placed Order,2024-09-04 07:50:22,84.53,{},uuid2270820418903107
evt463134898102,klv_cust8991977937,met76903539,Clicked Email,2024-10-24 17:25:20,44.38,{},uuid5509562521414502
evt733910977551,klv_cust5275521470,met38128846,Clicked Email,2024-01-04 20:57:02,27.03,{},uuid1507870242208572
evt143637953775,klv_cust4786674545,met53019004,Opened Email,2024-06-04 04:31:54,67.73,{},uuid4140832228819814
evt558300818064,klv_cust6544063167,met61534476,Opened Email,2024-03-05 12:34:30,58.1,{},uuid6848718795025945
evt666669785411,klv_cust1306702926,met89353710,Placed Order,2024-12-21 10:34:01,5.37,{},uuid8524398381386102
evt190493110982,klv_cust5227828349,met68292036,Opened Email,2024-08-14 06:34:49,13.7,{},uuid4696999192752264
evt221276500177,klv_cust3310715848,met98140542,Placed Order,2024-01-13 23:41:15,45.51,{},uuid6806118909947859
evt261806945689,klv_cust5334769475,met11868077,Clicked Email,2024-09-23 01:27:33,27.29,{},uuid7023062690301645
evt601714571011,klv_cust9189503254,met66774074,Clicked Email,2024-05-29 11:01:34,27.84,{},uuid2274536010400689
evt551098430385,klv_cust9411532909,met52083539,Viewed Product,2024-07-02 06:29:51,40.07,{},uuid6499087532601904
evt797851496602,klv_cust2963288053,met61573706,Placed Order,2024-04-15 10:05:46,103.04,{},uuid4964519341233385
evt939388306087,klv_cust7519578899,met61100405,Opened Email,2024-06-06 14:13:58,65.25,{},uuid7367252667895421
evt644328040479,klv_cust4712064103,met61622578,Viewed Product,2024-04-12 12:49:32,25.52,{},uuid3028488124902251
evt667871798030,klv_cust5884391502,met62071098,Clicked Email,2024-10-14 12:36:16,82.47,{},uuid4143176581425766
evt838794160399,klv_cust4102872611,met12197015,Opened Email,2025-01-15 05:55:00,50.05,{},uuid9124785475816395
evt201696040609,klv_cust2099247629,met23549757,Clicked Email,2024-12-25 19:07:20,23.34,{},uuid2828571167727567
evt677391749401,klv_cust1364994639,met88368397,Viewed Product,2024-12-05 10:30:26,89.57,{},uuid7624617803760654
evt416940019341,klv_cust9245348297,met45027791,Opened Email,2024-05-15 21:11:18,99.72,{},uuid5910292431573590
evt150360730414,klv_cust2982979741,met43713523,Viewed Product,2024-12-13 20:01:35,36.68,{},uuid7035262026234050
evt187706143407,klv_cust6852312425,met57409272,Viewed Product,2024-05-07 08:59:27,75.54,{},uuid8320136904588571
evt717411290836,klv_cust5481721096,met66762669,Viewed Product,2024-10-09 12:28:26,46.29,{},uuid5268496070605418
evt593918711132,klv_cust7537130187,met32311033,Clicked Email,2024-05-16 02:27:29,101.0,{},uuid8495961005149242
evt425561425480,klv_cust9035194895,met61594294,Opened Email,2024-11-15 14:37:37,70.42,{},uuid2791605136270976
evt721495445607,klv_cust6515369278,met97828593,Opened Email,2024-05-06 17:10:42,65.54,{},uuid7114869754387819
evt853619444605,klv_cust5218155484,met41436025,Clicked Email,2024-10-17 08:11:18,28.16,{},uuid1562596827564873
evt633958512029,klv_cust4470591645,met29258231,Viewed Product,2024-03-24 10:32:52,95.85,{},uuid2692244653550264
evt364025436364,klv_cust1139082827,met64012359,Clicked Email,2024-05-30 14:59:56,27.34,{},uuid9860249773930945
evt560054505638,klv_cust2057617830,met20665833,Opened Email,2024-06-23 11:05:16,88.5,{},uuid6769243956388335
evt555010289451,klv_cust5270048042,met49895081,Placed Order,2024-04-05 02:57:11,26.49,{},uuid7177322265786831
evt164211785451,klv_cust2601198885,met82664826,Viewed Product,2024-11-19 20:59:59,31.16,{},uuid7347208018386274
evt113978780170,klv_cust8868054898,met97598037,Opened Email,2024-04-15 22:12:11,119.23,{},uuid8688901861174752
evt829655225767,klv_cust1185303518,met69535807,Opened Email,2024-11-03 17:24:08,35.27,{},uuid9963144733996084
evt662172027518,klv_cust5634076661,met49754091,Opened Email,2024-01-02 11:59:21,39.0,{},uuid1242669865097346
evt431536544621,klv_cust5215140451,met48885362,Clicked Email,2024-03-28 05:24:10,95.21,{},uuid4098521685265422
evt972788194776,klv_cust4662861038,met72209626,Clicked Email,2024-06-27 03:02:14,117.48,{},uuid5934319043233396
evt387093982861,klv_cust5638379165,met49647389,Opened Email,2024-12-13 13:07:56,35.0,{},uuid6282515726436565
evt872455183340,klv_cust9919491730,met62506753,Viewed Product,2025-02-11 01:06:26,53.94,{},uuid1100123057952164
evt424646014874,klv_cust9354542654,met76214139,Opened Email,2024-03-02 22:50:16,26.77,{},uuid1862700752193165
evt660944980270,klv_cust3796581976,met78282541,Opened Email,2024-03-01 09:37:12,85.75,{},uuid7289769015633909
evt487682051262,klv_cust1993998848,met80885477,Clicked Email,2024-10-11 20:18:08,118.25,{},uuid3547212732414645
evt888685444525,klv_cust5400463094,met69070826,Clicked Email,2024-01-01 17:01:15,62.35,{},uuid9880671622410722
evt706324721336,klv_cust8417757797,met94814407,Placed Order,2024-11-03 07:42:54,29.91,{},uuid2360415187106636
evt335175407179,klv_cust4956362540,met14502924,Placed Order,2025-03-12 08:52:49,117.78,{},uuid5710372596058904
evt128022896047,klv_cust8468071953,met18452204,Opened Email,2024-05-30 18:41:08,71.46,{},uuid9468242863515278
evt975467352971,klv_cust6069848439,met71351833,Clicked Email,2024-04-07 17:53:34,59.79,{},uuid5467769292673127
evt538603515619,klv_cust7640078465,met85997436,Viewed Product,2024-02-22 10:11:56,115.27,{},uuid9027706106542340
evt162517340176,klv_cust1316756902,met88411602,Viewed Product,2024-03-03 23:40:09,100.54,{},uuid2317503944667059
evt352446123324,klv_cust1276905285,met87276066,Opened Email,2024-05-16 21:14:01,83.4,{},uuid5166461854636913
evt970276514517,klv_cust6923206003,met26923774,Clicked Email,2024-11-16 09:41:56,32.84,{},uuid4296317813219625
evt602166423310,klv_cust7573442717,met70357736,Opened Email,2024-07-18 23:41:31,50.75,{},uuid9288724277736921
evt745981274635,klv_cust3047869247,met41380044,Clicked Email,2024-06-27 07:45:15,13.68,{},uuid4551350908001614
evt150205917410,klv_cust6691628146,met89995813,Clicked Email,2025-01-30 04:24:32,14.58,{},uuid9702504444513221
evt534508947678,klv_cust1442421654,met38013804,Clicked Email,2024-08-09 04:40:40,104.39,{},uuid7918427664481300
evt695879841901,klv_cust4713453204,met36473656,Opened Email,2024-10-15 11:46:07,99.44,{},uuid3523685795058856
evt832367101489,klv_cust5492496998,met81305257,Opened Email,2025-03-25 09:34:53,21.62,{},uuid7037145998415936
evt443631644375,klv_cust8582485644,met23464061,Placed Order,2024-01-07 14:10:00,54.06,{},uuid8689989333081449
evt890528126317,klv_cust5734228580,met33685648,Placed Order,2024-11-10 10:32:02,90.11,{},uuid8694564759641050
evt309268169411,klv_cust6865994703,met36362537,Viewed Product,2024-03-15 05:48:49,24.06,{},uuid3776287244531822
evt308975344849,klv_cust1387652480,met82364338,Placed Order,2024-04-09 18:55:08,113.13,{},uuid7253382875712899
evt755981325584,klv_cust1818520766,met34759987,Placed Order,2024-04-30 12:24:08,59.19,{},uuid8636857009259984
evt871428545290,klv_cust6566372886,met95089875,Opened Email,2024-08-28 04:27:38,28.25,{},uuid6364086501389080
evt892689692471,klv_cust9702693937,met64365334,Clicked Email,2024-08-04 02:02:48,7.22,{},uuid3009627510936976
evt206433810804,klv_cust8261111839,met10696435,Clicked Email,2024-10-06 09:56:58,74.46,{},uuid1417202422211272
evt189911599366,klv_cust5931025271,met54225096,Clicked Email,2024-02-17 16:46:01,38.49,{},uuid3935137377351884
evt238658282332,klv_cust4274958945,met73738316,Placed Order,2024-12-01 21:51:19,32.93,{},uuid4443576660765080
evt471449048429,klv_cust5570190774,met16966024,Placed Order,2024-01-16 19:32:49,6.64,{},uuid3237402201487442
evt106256747607,klv_cust5759761714,met55910397,Clicked Email,2024-07-25 04:58:34,52.87,{},uuid7877266712998738
evt629827902774,klv_cust8625774078,met38722833,Placed Order,2024-12-28 05:38:41,101.31,{},uuid3178536088976391
evt912505093393,klv_cust5218155484,met16980195,Viewed Product,2024-07-31 07:08:49,1.11,{},uuid5524975923260198
evt415021071878,klv_cust7016293621,met91573400,Viewed Product,2024-03-11 03:29:01,94.61,{},uuid9027245154939633
evt756957720225,klv_cust4039019230,met85464345,Placed Order,2024-11-24 02:21:48,62.15,{},uuid6518962771923745
evt855657561999,klv_cust8047628706,met72249526,Placed Order,2024-01-29 13:00:24,55.08,{},uuid9121116762128154
evt728329126101,klv_cust5364727160,met30257561,Viewed Product,2024-06-13 14:36:07,41.06,{},uuid5794148429192339
evt820910958923,klv_cust8243746556,met67292754,Viewed Product,2024-11-01 11:37:14,37.98,{},uuid5098967980941478
evt635088954217,klv_cust2635231601,met85122203,Opened Email,2024-07-22 14:36:14,95.22,{},uuid5382273311937471
evt427753758835,klv_cust3316787198,met67037784,Placed Order,2024-11-03 17:39:38,85.44,{},uuid9607138253614469
evt823551203003,klv_cust5512036684,met87873123,Opened Email,2024-10-02 10:10:48,14.12,{},uuid6771132803633990
evt154543792510,klv_cust6995554056,met13750053,Placed Order,2024-01-14 06:25:11,41.75,{},uuid5950690559608678
evt514054061438,klv_cust6651754819,met33989551,Clicked Email,2024-04-10 04:18:39,69.16,{},uuid6942838266172852
evt980761260217,klv_cust1770278136,met75552703,Placed Order,2024-08-01 15:36:17,5.65,{},uuid3466700451854094
evt599345614182,klv_cust9098037639,met51433117,Placed Order,2024-12-28 10:36:32,102.03,{},uuid9457823461201744
evt859693604620,klv_cust7481631841,met68120470,Opened Email,2024-04-15 13:08:41,63.67,{},uuid5124838709597017
evt180359796603,klv_cust3508990774,met30410274,Opened Email,2024-05-28 16:01:13,59.98,{},uuid3209310874429682
evt745917118598,klv_cust8047628706,met41836253,Placed Order,2024-02-15 20:49:30,68.96,{},uuid6253498969359791
evt748187640241,klv_cust5278201677,met25078264,Viewed Product,2024-01-30 14:25:03,115.28,{},uuid9911948271215412
evt278687172779,klv_cust7371573279,met59768244,Placed Order,2025-03-01 12:29:59,117.34,{},uuid2798787120616764
evt625725640430,klv_cust3951331472,met49841280,Placed Order,2024-10-07 06:48:58,14.95,{},uuid5979828976903607
evt552770018873,klv_cust5952894290,met83696489,Opened Email,2024-08-19 12:04:03,47.46,{},uuid3264923546103842
evt903167477654,klv_cust5025070544,met48950721,Viewed Product,2024-10-07 16:24:19,26.08,{},uuid3476684580772787
evt640842107980,klv_cust2227193073,met43365208,Placed Order,2024-04-12 02:18:46,113.84,{},uuid6746234618345539
evt937091008009,klv_cust3297096148,met82930539,Placed Order,2024-12-20 18:07:33,89.13,{},uuid2573693978291218
evt164873649919,klv_cust9711080868,met93063321,Placed Order,2024-09-20 08:10:50,5.64,{},uuid8020895562701782
evt639636309203,klv_cust3361388464,met75490566,Clicked Email,2024-03-18 12:27:37,14.35,{},uuid5862484997429512
evt261422228059,klv_cust9068916300,met39880012,Clicked Email,2024-07-19 23:35:17,47.95,{},uuid1204952968799953
evt726144425739,klv_cust1370292681,met55885301,Opened Email,2024-02-08 18:13:17,43.55,{},uuid2928794273175500
evt229068265479,klv_cust2928130926,met37742374,Clicked Email,2024-03-12 19:41:09,40.56,{},uuid4640140122207025
evt266648104493,klv_cust7951902330,met22077371,Placed Order,2024-10-19 07:12:59,33.54,{},uuid9247525855593971
evt122846488102,klv_cust5077921573,met93437545,Opened Email,2024-04-14 01:44:35,103.7,{},uuid9922414771774724
evt476661106246,klv_cust6582557981,met97829589,Opened Email,2024-05-31 14:07:03,30.02,{},uuid5187758481547869
evt233396529459,klv_cust2660286914,met13120267,Clicked Email,2024-09-09 01:08:54,102.79,{},uuid8634311968453668
evt751932489392,klv_cust6134840512,met17063411,Clicked Email,2025-01-15 22:12:53,96.24,{},uuid1330668870666681
evt761222575907,klv_cust2914590233,met89969598,Clicked Email,2024-03-08 09:57:14,7.17,{},uuid8949232140900994
evt151527409455,klv_cust8160279830,met54662601,Clicked Email,2024-10-23 18:59:44,58.91,{},uuid8167451875830275
evt547713871754,klv_cust2699887270,met16218901,Opened Email,2024-11-05 15:23:27,18.28,{},uuid7055855979529394
evt670374775594,klv_cust7958672456,met87452051,Clicked Email,2024-04-26 01:52:51,22.52,{},uuid1003456717818237
evt226389367840,klv_cust5268845844,met53751077,Opened Email,2024-03-10 05:30:35,60.21,{},uuid7266968160951146
evt787206462209,klv_cust5808858383,met63932041,Clicked Email,2024-10-30 21:32:34,7.69,{},uuid8219427639781853
evt746071589906,klv_cust8903212516,met14901186,Placed Order,2024-08-27 08:30:07,87.01,{},uuid9656184212829628
evt187772295307,klv_cust7127904756,met32776429,Viewed Product,2024-10-12 15:15:08,88.37,{},uuid7270342482389909
evt808379092685,klv_cust9717175839,met48322603,Viewed Product,2024-02-16 16:39:44,106.4,{},uuid3878239669676718
evt225893147536,klv_cust5268845844,met28178372,Viewed Product,2024-03-27 13:09:16,53.89,{},uuid9653157314141406
evt265829400182,klv_cust4102872611,met48447769,Opened Email,2025-01-28 22:24:57,36.55,{},uuid1041783724229835
evt224949140151,klv_cust6583604299,met77153370,Placed Order,2024-02-14 23:05:41,89.39,{},uuid7667195470586166
evt457083209639,klv_cust1563524533,met53903730,Placed Order,2024-10-17 01:35:53,97.05,{},uuid2457450350098227
evt166428307898,klv_cust4399143287,met99399914,Clicked Email,2024-03-12 23:56:23,77.87,{},uuid4532672501958722
evt299136407086,klv_cust2075413763,met39667569,Placed Order,2024-07-27 20:20:59,53.39,{},uuid3291145743487660
evt352623666177,klv_cust9806189256,met18336146,Placed Order,2024-09-19 21:37:41,107.89,{},uuid2680835308812821
evt504221436137,klv_cust1625217504,met39170613,Clicked Email,2024-09-16 16:35:56,34.3,{},uuid9299590667138408
evt470034588692,klv_cust2076341629,met30044223,Viewed Product,2024-09-19 00:18:47,55.0,{},uuid2673431409805124
evt902244126357,klv_cust9249923427,met85123645,Opened Email,2024-04-24 02:08:26,4.42,{},uuid6985634046695964
evt722381354856,klv_cust3360791536,met71432835,Viewed Product,2024-09-17 09:16:03,35.97,{},uuid4879941312158772
evt852087701198,klv_cust9392515666,met21038278,Placed Order,2024-12-24 01:44:29,51.44,{},uuid2795091639920140
evt469488221891,klv_cust1205082311,met58493359,Opened Email,2024-01-10 02:16:51,110.49,{},uuid5530261466087717
evt448797274895,klv_cust4062777850,met81285421,Clicked Email,2024-04-12 04:29:35,115.5,{},uuid7010305848052915
evt843388911500,klv_cust5975196341,met17795896,Opened Email,2025-01-09 17:16:27,48.12,{},uuid5905101659257377
evt189241470269,klv_cust8443061472,met75343202,Clicked Email,2025-01-25 09:53:18,99.2,{},uuid9912193785539990
evt959566311566,klv_cust4993808565,met51103439,Placed Order,2024-02-29 07:11:00,43.82,{},uuid3889381294632002
evt491452857089,klv_cust4460967357,met18052505,Viewed Product,2025-03-24 04:05:32,109.63,{},uuid6675413605444462
evt537944374495,klv_cust2948728483,met59992207,Clicked Email,2024-03-31 01:59:19,19.08,{},uuid6188598061852231
evt493618523373,klv_cust6392415228,met52359718,Clicked Email,2025-01-04 03:04:57,49.2,{},uuid6431954938242550
evt486240423643,klv_cust6558450990,met65571077,Clicked Email,2024-05-09 05:13:27,36.14,{},uuid3900159908543921
evt232790516286,klv_cust7965608188,met47871135,Clicked Email,2024-02-26 18:23:59,84.3,{},uuid4120885812570949
evt320282203591,klv_cust9677466102,met68375015,Clicked Email,2025-02-26 14:04:28,114.4,{},uuid7758115166188321
evt638216302005,klv_cust3875303857,met87379087,Clicked Email,2025-02-18 07:41:14,9.39,{},uuid2754659220032199
evt274502364298,klv_cust6053489772,met29136871,Clicked Email,2024-11-25 20:15:38,74.08,{},uuid7117848757976610
evt611673925804,klv_cust4231729466,met97068500,Opened Email,2024-01-31 19:06:29,44.9,{},uuid7023374051167415
evt948737131453,klv_cust4104309491,met81327097,Placed Order,2024-07-18 00:25:32,54.37,{},uuid4200069056967257
evt111331475792,klv_cust7402059279,met87313859,Viewed Product,2024-12-14 02:58:41,92.35,{},uuid7590232230360955
evt645003323988,klv_cust6795522649,met16812189,Opened Email,2024-11-14 00:24:05,114.53,{},uuid4866515804229085
evt124191274517,klv_cust6576426590,met55679785,Viewed Product,2025-01-18 20:21:40,103.75,{},uuid5309944794318037
evt889522058703,klv_cust9981364488,met27124818,Placed Order,2025-03-18 09:05:03,3.34,{},uuid6602975433618816
evt973703590357,klv_cust2445662585,met25698216,Opened Email,2024-03-19 20:52:22,92.61,{},uuid8545458505270603
evt295124220165,klv_cust5952894290,met27019448,Viewed Product,2024-07-05 15:15:08,55.99,{},uuid6989765290747824
evt930361280159,klv_cust4896576569,met52105389,Viewed Product,2024-01-08 01:48:13,30.77,{},uuid1743981392313025
evt187576709437,klv_cust8650676663,met38771137,Clicked Email,2025-03-27 22:07:11,35.82,{},uuid7042126929376801
evt174024194818,klv_cust7552812957,met52563085,Opened Email,2024-04-03 07:43:38,14.44,{},uuid5266282182222114
evt366705091481,klv_cust3843139149,met71147267,Viewed Product,2024-01-19 21:49:14,14.44,{},uuid4659169317129148
evt143628112406,klv_cust1421776124,met12827908,Viewed Product,2025-01-25 19:52:12,53.6,{},uuid8363355020155060
evt194479159434,klv_cust3587283948,met52548252,Viewed Product,2025-01-15 00:58:06,6.38,{},uuid2611151464575890
evt576940209762,klv_cust2812140441,met77994731,Clicked Email,2025-03-17 18:04:30,105.83,{},uuid1911863742093450
evt119004048116,klv_cust7022683808,met79912667,Viewed Product,2024-03-08 16:37:29,95.49,{},uuid4999262298727632
evt113082639463,klv_cust3734252963,met88237168,Clicked Email,2024-08-29 22:07:12,40.15,{},uuid9001441030341106
evt917024692487,klv_cust9376277483,met38416897,Clicked Email,2024-11-03 05:22:38,109.85,{},uuid8559435444123342
evt450219707899,klv_cust1730074215,met45063101,Opened Email,2024-11-15 18:21:28,21.43,{},uuid7318266139756364
evt450057460815,klv_cust1799718923,met19602505,Viewed Product,2024-01-21 19:11:01,97.46,{},uuid2148891304644914
evt214752479911,klv_cust5862655247,met77745255,Clicked Email,2025-03-08 15:54:46,113.59,{},uuid7447149885965329
evt939528910306,klv_cust9381721143,met23750638,Placed Order,2024-09-20 03:51:51,114.37,{},uuid9728642920506048
evt976718063873,klv_cust2965164102,met61257091,Viewed Product,2024-11-16 16:41:30,107.58,{},uuid4713233798721222
evt666497650955,klv_cust4566852761,met33694838,Opened Email,2024-10-16 20:10:54,67.95,{},uuid6129410267259562
evt490803048231,klv_cust6069848439,met23702310,Viewed Product,2025-03-14 01:01:01,87.68,{},uuid8554067483464334
evt703706365586,klv_cust2625035499,met79494662,Clicked Email,2024-08-28 01:50:39,74.65,{},uuid1284882555393192
evt696103389947,klv_cust9663561486,met69497167,Opened Email,2024-01-16 18:37:22,109.92,{},uuid9400335275294096
evt254139066170,klv_cust9370133032,met16683594,Placed Order,2025-03-15 10:05:05,51.46,{},uuid4612643478115522
evt964184575400,klv_cust6148478789,met65119850,Placed Order,2024-01-23 20:54:05,36.37,{},uuid7510209963608379
evt754126723952,klv_cust6591038760,met97137615,Viewed Product,2024-02-16 08:23:39,89.83,{},uuid9125166091979947
evt143525319423,klv_cust6754503097,met81421306,Placed Order,2024-11-28 06:15:39,61.25,{},uuid7938149510113784
evt172009513632,klv_cust7803990970,met23891610,Viewed Product,2024-04-19 02:15:03,79.64,{},uuid5525539436470749
evt602509470658,klv_cust6099808894,met84388314,Clicked Email,2025-02-27 12:20:56,81.0,{},uuid2404591464276429
evt571155337650,klv_cust8706093841,met86379035,Clicked Email,2024-04-22 23:57:59,47.52,{},uuid4806234372372592
evt275118832716,klv_cust2645272822,met31800045,Placed Order,2024-11-17 01:49:17,111.11,{},uuid6071641890887954
evt103004254058,klv_cust4623960580,met76870674,Clicked Email,2025-02-17 07:22:21,35.53,{},uuid7906683761954182
evt726642868640,klv_cust3553440342,met89327852,Placed Order,2024-03-01 22:28:26,77.2,{},uuid3704671192938284
evt770018593516,klv_cust7059591606,met47007849,Placed Order,2024-11-24 07:44:58,73.16,{},uuid6019625531665175
evt320163055153,klv_cust2546720356,met41699866,Placed Order,2024-10-27 19:21:49,27.71,{},uuid5836937664820949
evt356127667803,klv_cust6340003593,met62725799,Viewed Product,2024-03-15 07:15:00,89.81,{},uuid7666709027775683
evt542339453736,klv_cust1647181551,met88956202,Viewed Product,2024-08-17 14:18:30,118.51,{},uuid1217594178258757
evt432980953493,klv_cust3693985578,met64355977,Opened Email,2024-03-30 10:07:16,65.97,{},uuid1936520768211522
evt615824584171,klv_cust7805633786,met23213620,Opened Email,2024-03-06 04:28:32,59.67,{},uuid7487832410459329
evt605902394653,klv_cust2605548088,met54173687,Opened Email,2025-02-15 10:08:34,36.71,{},uuid1368738690856808
evt944406185630,klv_cust7805633786,met57387025,Opened Email,2024-09-17 17:19:41,34.22,{},uuid5613708196647623
evt398818421897,klv_cust3918046336,met91761376,Viewed Product,2024-08-29 04:57:21,7.69,{},uuid5824711572538669
evt467860070957,klv_cust7226553010,met47015169,Viewed Product,2024-03-17 04:37:27,53.63,{},uuid3089370076872012
evt313915053734,klv_cust1795212538,met58275629,Clicked Email,2024-12-13 03:13:41,117.62,{},uuid9420084033905111
evt125745322264,klv_cust7009480871,met94594248,Placed Order,2024-12-29 04:51:52,84.61,{},uuid9752249299355743
evt139361769814,klv_cust7702529931,met21137728,Opened Email,2025-02-17 06:07:12,49.18,{},uuid7069276431678284
evt778854902717,klv_cust2850820685,met54457190,Viewed Product,2025-03-24 21:05:27,9.33,{},uuid1393669490578975
evt784805710143,klv_cust7085004726,met47847408,Clicked Email,2024-03-03 18:13:36,117.74,{},uuid3481128007032319
evt729813228445,klv_cust1793480168,met81900966,Opened Email,2024-03-28 01:44:22,45.16,{},uuid6249037955948778
evt133144570924,klv_cust8144889126,met19354179,Viewed Product,2024-02-12 07:45:28,45.52,{},uuid4767946918983189
evt683016089308,klv_cust2139078760,met43605256,Opened Email,2024-04-26 09:13:22,105.55,{},uuid6035857244505701
evt699893073026,klv_cust4436425084,met47791836,Opened Email,2024-04-20 08:12:10,2.16,{},uuid7464173056460141
evt680207637750,klv_cust6336171726,met80394093,Viewed Product,2024-03-23 00:18:55,56.22,{},uuid1641436940647947
evt536035827868,klv_cust1375899416,met14493087,Clicked Email,2025-01-24 13:23:40,114.99,{},uuid8074540712386106
evt911500821141,klv_cust8139209752,met14602268,Opened Email,2024-12-28 02:29:01,7.46,{},uuid3548038961502405
evt131607301298,klv_cust6110943464,met52126075,Viewed Product,2024-09-06 11:54:05,101.23,{},uuid9799204185358388
evt423070372992,klv_cust4264134512,met85395330,Clicked Email,2024-05-11 02:47:01,10.47,{},uuid1499731499994665
evt444307109368,klv_cust3328876246,met62375849,Placed Order,2024-07-14 03:22:03,58.8,{},uuid3794510348712852
evt596740227428,klv_cust7077131430,met81283532,Opened Email,2024-05-30 18:46:59,81.77,{},uuid8795360616328721
evt600372712566,klv_cust3163970710,met38170868,Viewed Product,2024-02-27 05:39:20,105.35,{},uuid9787808740810903
evt895395123601,klv_cust8910440683,met94988436,Placed Order,2024-08-22 16:47:08,109.93,{},uuid9449190657311188
evt111998228632,klv_cust2180484299,met76978826,Viewed Product,2025-01-05 17:38:23,104.47,{},uuid4721601805940608
evt802927810229,klv_cust4558302256,met73827205,Clicked Email,2025-03-11 18:12:59,23.22,{},uuid1685819079112519
evt189491417770,klv_cust9403748506,met93354835,Clicked Email,2025-02-17 17:54:38,93.41,{},uuid9716740368215941
evt405676344877,klv_cust9717175839,met30435687,Placed Order,2025-02-09 19:27:43,62.78,{},uuid4396280389705446
evt453955401279,klv_cust5184564874,met99518210,Opened Email,2025-02-28 19:26:05,15.32,{},uuid7832866478736587
evt295914779728,klv_cust6200141898,met11300352,Clicked Email,2024-02-08 01:55:27,92.07,{},uuid6448475766564891
evt511647128896,klv_cust6558769264,met42750837,Placed Order,2024-08-30 13:04:50,32.81,{},uuid5759760985787659
evt501283087408,klv_cust4731897202,met81297584,Opened Email,2024-03-09 05:43:19,74.67,{},uuid5975071296398223
evt178063483444,klv_cust6587537178,met75076984,Opened Email,2024-03-11 06:51:10,113.77,{},uuid3321432245122633
evt177918747571,klv_cust3690714075,met34022680,Clicked Email,2024-02-02 09:34:12,53.48,{},uuid8334575286691976
evt895010922603,klv_cust4455798713,met84270073,Placed Order,2024-07-26 01:55:31,90.36,{},uuid2956019003923459
evt183434720661,klv_cust3520417815,met27330535,Opened Email,2025-03-27 00:30:44,85.4,{},uuid7186538053467789
evt349453440333,klv_cust9302705838,met62847811,Opened Email,2024-06-16 05:13:58,91.73,{},uuid3236456525588113
evt604901903615,klv_cust9255306810,met28683168,Clicked Email,2024-01-22 08:27:27,0.75,{},uuid3892819355157020
evt867647646189,klv_cust9546021691,met91995341,Clicked Email,2024-01-16 07:09:24,22.96,{},uuid6587450319229707
evt354771925453,klv_cust2566942273,met80558484,Opened Email,2024-02-16 11:41:39,14.69,{},uuid1588169223512631
evt325959721244,klv_cust8901585274,met97233937,Clicked Email,2024-05-04 19:52:18,111.16,{},uuid8520594382088272
evt440347638291,klv_cust7226553010,met96164181,Opened Email,2024-07-07 13:22:27,23.99,{},uuid7390345851691607
evt862123851332,klv_cust2072355594,met19684315,Opened Email,2025-03-07 13:31:27,50.14,{},uuid6858614357652833
evt910248167546,klv_cust2571632270,met86140596,Viewed Product,2024-08-08 01:00:29,27.04,{},uuid9319500167790984
evt148229140051,klv_cust7623575561,met33383507,Viewed Product,2024-03-19 22:58:24,59.12,{},uuid2721198785216809
evt410513155604,klv_cust7470843264,met72148463,Viewed Product,2025-03-19 17:16:00,57.0,{},uuid5353323096302559
evt778438571302,klv_cust3291270703,met27616657,Placed Order,2024-05-10 21:09:47,62.62,{},uuid3740578985862955
evt739520709515,klv_cust1590838716,met78096959,Viewed Product,2025-01-12 02:31:42,51.25,{},uuid8575292123074617
evt506527575570,klv_cust2948728483,met19037575,Placed Order,2024-06-20 09:28:04,83.77,{},uuid1942799765652209
evt479120383559,klv_cust7750819485,met47126077,Clicked Email,2024-06-06 03:18:42,86.57,{},uuid2276386909947072
evt817425970135,klv_cust8276498637,met96833306,Opened Email,2025-02-27 22:29:20,45.6,{},uuid9663857703837248
evt988085761719,klv_cust8709361138,met60636238,Opened Email,2024-01-07 00:56:32,10.7,{},uuid8105489311918189
evt994505702740,klv_cust4143852021,met23374757,Clicked Email,2024-09-19 03:02:46,30.46,{},uuid3977235099211494
evt716581002663,klv_cust3866755218,met28826771,Opened Email,2024-05-06 04:32:58,23.76,{},uuid9125040698932369
evt950484769470,klv_cust1847275937,met66047050,Clicked Email,2024-10-28 13:59:33,34.03,{},uuid5802447096107982
evt517682675066,klv_cust1741134891,met13890295,Viewed Product,2024-09-21 08:52:33,18.41,{},uuid1376872381035423
evt371086535150,klv_cust4042413312,met68678304,Placed Order,2024-10-22 19:24:05,21.03,{},uuid9372612808260809
evt463904413461,klv_cust4346242886,met89499760,Opened Email,2025-03-28 12:11:23,102.0,{},uuid7358776457831025
evt826984329827,klv_cust5829062179,met40513956,Clicked Email,2024-11-20 00:52:29,99.44,{},uuid7022118400436836
evt978941842612,klv_cust5667181604,met23385982,Placed Order,2024-09-05 07:57:31,76.12,{},uuid7337128737300293
evt790116485876,klv_cust4735334423,met92361913,Placed Order,2024-07-08 21:03:05,14.28,{},uuid6040438558121398
evt102983800442,klv_cust1939042955,met63757231,Placed Order,2024-07-16 17:40:56,117.21,{},uuid6508963936972150
evt236144963139,klv_cust8964269909,met49374891,Clicked Email,2024-10-03 03:24:33,13.53,{},uuid8650652246682815
evt306349158879,klv_cust7451071432,met57085459,Viewed Product,2024-07-25 11:12:26,20.23,{},uuid1480369951049461
evt635427702829,klv_cust6619138852,met46253876,Viewed Product,2025-03-15 14:53:05,85.61,{},uuid5232978862800100
evt978481157147,klv_cust5512036684,met61902192,Opened Email,2025-03-16 06:08:52,85.41,{},uuid4269854208087415
evt453140832084,klv_cust9457665185,met69712624,Clicked Email,2024-06-28 10:17:12,53.93,{},uuid2257521700879301
evt327925183209,klv_cust4820942294,met59453589,Viewed Product,2024-06-11 08:27:33,33.48,{},uuid8753094939857593
evt427756545084,klv_cust1676168421,met47557879,Viewed Product,2024-04-01 09:44:07,99.51,{},uuid2623749052472164
evt381778499478,klv_cust7266763552,met59968768,Clicked Email,2024-05-14 01:10:31,58.57,{},uuid3832532639382857
evt784541422463,klv_cust4673457063,met56311775,Opened Email,2024-04-18 22:35:22,71.76,{},uuid4728938326665672
evt313909623178,klv_cust8999963054,met54870552,Placed Order,2024-02-18 08:21:55,59.15,{},uuid2800133386186192
evt428129655755,klv_cust5162260671,met93248912,Clicked Email,2025-02-27 13:38:50,9.34,{},uuid5773369382300396
evt647334384793,klv_cust1039887139,met10583663,Viewed Product,2024-07-09 04:23:54,9.41,{},uuid9418096431444099
evt460808664035,klv_cust1657675888,met84305554,Placed Order,2024-03-29 17:08:27,38.83,{},uuid5330246866014619
evt238820918383,klv_cust9771848610,met28725195,Viewed Product,2024-09-25 12:37:54,116.15,{},uuid6340747971886704
evt729263069728,klv_cust4747699292,met40908349,Opened Email,2024-08-25 17:11:03,116.58,{},uuid5647621535249120
evt311999691877,klv_cust6991473746,met40624917,Placed Order,2024-02-18 04:03:11,114.08,{},uuid3234135234725995
evt738276347809,klv_cust5125568431,met25989402,Clicked Email,2025-01-10 14:54:43,75.69,{},uuid4126103445101829
evt970150128948,klv_cust6663846005,met25962899,Viewed Product,2024-08-19 20:11:30,84.98,{},uuid6032940861766846
evt265335905630,klv_cust4097887746,met60923765,Opened Email,2025-01-24 03:56:23,52.9,{},uuid3586228400207256
